{"rouge1": 0.11395003781241367, "rouge2": 0.03189152393209295, "rougeL": 0.09362619108654371, "rougeLsum": 0.09284479701316148}