{"bleu": 0.07406983945577654, "precisions": [0.30342187126106723, 0.11403184005923732, 0.045871559633027525, 0.018964836033188465], "brevity_penalty": 1.0, "length_ratio": 1.5466321243523315, "translation_length": 8358, "reference_length": 5404}