{"rouge1": 0.3406716434427197, "rouge2": 0.1517999227470468, "rougeL": 0.29215083541823106, "rougeLsum": 0.2917579534757738}