{"rouge1": 0.08183894650298472, "rouge2": 0.019099755191932608, "rougeL": 0.061673981088244054, "rougeLsum": 0.061566912565636206}