{"bleu": 0.018025981532378, "precisions": [0.14202719406674907, 0.026802807913209957, 0.009234828496042216, 0.0030034129692832765], "brevity_penalty": 1.0, "length_ratio": 1.4803293687099726, "translation_length": 8090, "reference_length": 5465}