{"bleu": 0.08059614010230476, "precisions": [0.3016712757003727, 0.12006946167204167, 0.05085179966696554, 0.02290783898305085], "brevity_penalty": 1.0, "length_ratio": 1.5218664226898444, "translation_length": 8317, "reference_length": 5465}