{"rouge1": 0.11406947166757568, "rouge2": 0.03524670853304594, "rougeL": 0.09467139385076542, "rougeLsum": 0.09525293320533855}