{"rouge1": 0.09169151977706039, "rouge2": 0.017574309230125557, "rougeL": 0.07038032658676768, "rougeLsum": 0.0593643230362514}