{"bleu": 0.014962002400896252, "precisions": [0.14165636588380717, 0.024250159540523293, 0.00712401055408971, 0.0020477815699658703], "brevity_penalty": 1.0, "length_ratio": 1.4970392301998519, "translation_length": 8090, "reference_length": 5404}