{"rouge1": 0.3451608840168716, "rouge2": 0.14402487851848422, "rougeL": 0.29473183017642296, "rougeLsum": 0.29215741789876115}