{"bleu": 0.21425726757200045, "precisions": [0.5198959289868381, 0.267739340305712, 0.16095658073270014, 0.10722610722610723], "brevity_penalty": 0.9677787711511946, "length_ratio": 0.9682868998221695, "translation_length": 6534, "reference_length": 6748}