{"rouge1": 0.4924141255332442, "rouge2": 0.27201495504419093, "rougeL": 0.43571749420356526, "rougeLsum": 0.43675843020484584}