{"bleu": 0.017698402932009097, "precisions": [0.14184883834918147, 0.026310463468933416, 0.008679284743281397, 0.003028991778450887], "brevity_penalty": 1.0, "length_ratio": 1.49662558685446, "translation_length": 10201, "reference_length": 6816}