{"rouge1": 0.11545779292410834, "rouge2": 0.03249250870475698, "rougeL": 0.09485084723429923, "rougeLsum": 0.09372360966943771}