{"rouge1": 0.344476235076636, "rouge2": 0.14191126098656004, "rougeL": 0.29394949113422897, "rougeLsum": 0.29158740800529104}