{"bleu": 0.016755679752100527, "precisions": [0.14165277913930008, 0.024893746205221615, 0.007947296873366098, 0.0028126352228472523], "brevity_penalty": 1.0, "length_ratio": 1.5117071724955542, "translation_length": 10201, "reference_length": 6748}