{"bleu": 0.07278369651905087, "precisions": [0.30300096805421106, 0.11377484766756568, 0.044882377218324394, 0.01813720260322202], "brevity_penalty": 1.0, "length_ratio": 1.5308239478363959, "translation_length": 10330, "reference_length": 6748}