{"bleu": 0.07736636474037178, "precisions": [0.29960489544184254, 0.11612646649433286, 0.04825957490502105, 0.021337579617834394], "brevity_penalty": 1.0, "length_ratio": 1.5224471830985915, "translation_length": 10377, "reference_length": 6816}