{"rouge1": 0.11476014096201276, "rouge2": 0.03470648299934744, "rougeL": 0.09530533245046108, "rougeLsum": 0.0954583078943993}