{"rouge1": 0.3381712395919966, "rouge2": 0.1465574398520959, "rougeL": 0.2902232533451762, "rougeLsum": 0.28947029045098505}