{"rouge1": 0.39645092621755773, "rouge2": 0.1747616119028428, "rougeL": 0.33485774032316673, "rougeLsum": 0.3354589589271024}