{"bleu": 0.10230367428871527, "precisions": [0.45026881720430106, 0.17202201313687202, 0.07094467444486263, 0.03403403403403404], "brevity_penalty": 0.8748204977137044, "length_ratio": 0.8820391227030231, "translation_length": 5952, "reference_length": 6748}