{"rouge1": 0.5523705292308793, "rouge2": 0.29373887479712146, "rougeL": 0.4728234984742418, "rougeLsum": 0.4719001178605867}