{"bleu": 0.23449828267202746, "precisions": [0.5632099129665142, 0.28622291021671825, 0.16984204526950009, 0.11044314668498798], "brevity_penalty": 1.0, "length_ratio": 1.0045939537640782, "translation_length": 6779, "reference_length": 6748}