{"bleu": 0.0, "precisions": [0.0004978574349673725, 0.0, 0.0, 0.0], "brevity_penalty": 1.0, "length_ratio": 8.334469472436277, "translation_length": 56241, "reference_length": 6748}