{"rouge1": 0.0010012046775948248, "rouge2": 0.0, "rougeL": 0.0009987140807244028, "rougeLsum": 0.001001297924903576}