{"rouge1": 0.0010961623286089876, "rouge2": 0.0, "rougeL": 0.001096490312742265, "rougeLsum": 0.001089408191199038}