{"bleu": 0.0, "precisions": [0.0004081053266616984, 0.0, 0.0, 0.0], "brevity_penalty": 1.0, "length_ratio": 8.35180794309425, "translation_length": 56358, "reference_length": 6748}