{"bleu": 0.2432040962010115, "precisions": [0.556078431372549, 0.30691434468524253, 0.1934640522875817, 0.1344867358708189], "brevity_penalty": 0.9421339254342243, "length_ratio": 0.9437453737971873, "translation_length": 5100, "reference_length": 5404}