{"rouge1": 0.5203022353242932, "rouge2": 0.309463613303818, "rougeL": 0.47092757451794753, "rougeLsum": 0.47013257034315753}